,TERMINAL_ID,x_terminal_id,y_terminal_id
0,0,41.7022004702574,72.0324493442158
1,1,0.011437481734488664,30.233257263183976
